<node>
    <id>95dac362-36db-4da3-a4dc-8208d0bac16f</id>
    <childOrder>modifiedtime DESC</childOrder>
    <nodeType>content</nodeType>
    <timestamp>2019-02-07T12:17:54.935Z</timestamp>
    <inheritPermissions>true</inheritPermissions>
    <permissions>
        <principal key="role:cms.cm.app">
            <allow type="array">
                <value>READ</value>
            </allow>
            <deny type="array"/>
        </principal>
        <principal key="role:system.admin">
            <allow type="array">
                <value>READ</value>
                <value>CREATE</value>
                <value>MODIFY</value>
                <value>DELETE</value>
                <value>PUBLISH</value>
                <value>READ_PERMISSIONS</value>
                <value>WRITE_PERMISSIONS</value>
            </allow>
            <deny type="array"/>
        </principal>
        <principal key="role:cms.admin">
            <allow type="array">
                <value>READ</value>
                <value>CREATE</value>
                <value>MODIFY</value>
                <value>DELETE</value>
                <value>PUBLISH</value>
                <value>READ_PERMISSIONS</value>
                <value>WRITE_PERMISSIONS</value>
            </allow>
            <deny type="array"/>
        </principal>
    </permissions>
    <data>
        <boolean name="valid">true</boolean>
        <string name="displayName">fasetter</string>
        <string name="type">navno.nav.no.search:search-config2</string>
        <string name="owner">user:system:pad</string>
        <string name="language">no</string>
        <dateTime name="modifiedTime">2019-02-07T12:17:54.922Z</dateTime>
        <string name="modifier">user:system:pad</string>
        <string name="creator">user:system:pad</string>
        <dateTime name="createdTime">2019-01-23T10:48:16.674Z</dateTime>
        <property-set name="publish">
            <dateTime isNull="true" name="first"/>
            <dateTime isNull="true" name="from"/>
            <dateTime isNull="true" name="to"/>
        </property-set>
        <property-set name="data">
            <property-set name="fasetter">
                <string name="name">Sentralt Innhold</string>
                <string name="rulekey">type</string>
                <string name="rulevalue">*" AND type NOT LIKE "media:*" AND _parentpath NOT LIKE "*lokalt*</string>
                <property-set name="underfasetter">
                    <string name="name">Informasjon</string>
                    <string name="rulekey">type</string>
                    <string name="rulevalue">*:main-article</string>
                    <string name="className">informasjon</string>
                </property-set>
                <property-set name="underfasetter">
                    <string name="name">Tjenester</string>
                    <string name="rulekey">type</string>
                    <string name="rulevalue">*:search-api*</string>
                    <string name="className">tjenester</string>
                </property-set>
            </property-set>
            <property-set name="fasetter">
                <string name="name">Nyheter</string>
                <string name="rulekey">_parentpath</string>
                <string name="rulevalue">*nyheter" AND parentpath NOT LIKE "*lokalt*</string>
                <property-set name="underfasetter">
                    <string name="name">Bedrift</string>
                    <string name="rulekey">_parentpath</string>
                    <string name="rulevalue">*bedrift*nyheter*</string>
                    <string name="className">nyheter</string>
                </property-set>
                <property-set name="underfasetter">
                    <string name="name">Arbeid</string>
                    <string name="rulekey">_parentpath</string>
                    <string name="rulevalue">*arbeid*nyheter*</string>
                    <string name="className">nyheter</string>
                </property-set>
                <property-set name="underfasetter">
                    <string name="name">Nav og samfunn</string>
                    <string name="rulekey">_parentpath</string>
                    <string name="rulevalue">*nav-og-samfunn*nyheter*</string>
                    <string name="className">nyheter</string>
                </property-set>
                <property-set name="underfasetter">
                    <string name="name">Familie</string>
                    <string name="rulekey">_parentpath</string>
                    <string name="rulevalue">*familie/*</string>
                    <string name="className">nyheter</string>
                </property-set>
                <property-set name="underfasetter">
                    <string name="name">Hjelpemidler</string>
                    <string name="rulekey">_parenthpath</string>
                    <string name="rulevalue">*hjelpemidler/*</string>
                    <string name="className">nyheter</string>
                </property-set>
                <property-set name="underfasetter">
                    <string name="name">Pensjon</string>
                    <string name="rulekey">_parentpath</string>
                    <string name="rulevalue">*person/pensjon*</string>
                    <string name="className">nyheter</string>
                </property-set>
                <property-set name="underfasetter">
                    <string name="name">Statistikk</string>
                    <string name="rulekey">_parentpath</string>
                    <string name="rulevalue">*statistikk*</string>
                    <string name="className">statistikk</string>
                </property-set>
            </property-set>
            <property-set name="fasetter">
                <string name="name">Filer</string>
                <string name="rulekey">type</string>
                <string name="rulevalue">media:document</string>
            </property-set>
            <property-set name="fasetter">
                <string name="name">Lokalt innhold</string>
                <string name="rulekey">_parentpath</string>
                <string name="rulevalue">*lokalt*</string>
                <property-set name="underfasetter">
                    <string name="name">Akershus</string>
                    <string name="rulekey">_parentpath</string>
                    <string name="rulevalue">*lokalt/akershus*</string>
                    <string name="className">lokalt</string>
                </property-set>
                <property-set name="underfasetter">
                    <string name="name">Trøndelag</string>
                    <string name="rulekey">_parentpath</string>
                    <string name="rulevalue">*lokalt/nord-trondelag" OR _parentpath LIKE "*lokalt/sor-trondelag*" OR _parentpath LIKE "*lokalt/trondelag*</string>
                    <string name="className">lokalt</string>
                </property-set>
                <property-set name="underfasetter">
                    <string name="name">Oppland</string>
                    <string name="rulekey">_parentpath</string>
                    <string name="rulevalue">*lokalt/oppland*</string>
                    <string name="className">lokalt</string>
                </property-set>
                <property-set name="underfasetter">
                    <string name="name">Hedmark</string>
                    <string name="rulekey">_parentpath</string>
                    <string name="rulevalue">*lokalt/hedmark*</string>
                    <string name="className">lokalt</string>
                </property-set>
                <property-set name="underfasetter">
                    <string name="name">Rogaland</string>
                    <string name="rulekey">_parentpath</string>
                    <string name="rulevalue">*lokalt/rogaland*</string>
                    <string name="className">lokalt</string>
                </property-set>
                <property-set name="underfasetter">
                    <string name="name">Hordaland</string>
                    <string name="rulekey">_parentpath</string>
                    <string name="rulevalue">*lokalt/hordaland*</string>
                    <string name="className">tjenester</string>
                </property-set>
                <property-set name="underfasetter">
                    <string name="name">Nordland</string>
                    <string name="rulekey">_parentpath</string>
                    <string name="rulevalue">*lokalt/nordland*</string>
                    <string name="className">lokalt</string>
                </property-set>
                <property-set name="underfasetter">
                    <string name="name">Troms</string>
                    <string name="rulekey">_parentpath</string>
                    <string name="rulevalue">*lokalt/troms*</string>
                    <string name="className">lokalt</string>
                </property-set>
                <property-set name="underfasetter">
                    <string name="name">Finnmark</string>
                    <string name="rulekey">_parentpath</string>
                    <string name="rulevalue">*lokalt/finnmark*</string>
                    <string name="className">lokalt</string>
                </property-set>
                <property-set name="underfasetter">
                    <string name="name">Buskerud</string>
                    <string name="rulekey">_parentpath</string>
                    <string name="rulevalue">*lokalt/buskerud*</string>
                    <string name="className">lokalt</string>
                </property-set>
                <property-set name="underfasetter">
                    <string name="name">Møre og Romsdal</string>
                    <string name="rulekey">_parentpath</string>
                    <string name="rulevalue">*lokalt/more-og-romsdal*</string>
                    <string name="className">lokalt</string>
                </property-set>
                <property-set name="underfasetter">
                    <string name="name">Nordmøre</string>
                    <string name="rulekey">_parentpath</string>
                    <string name="rulevalue">*lokalt/nord-more*</string>
                    <string name="className">lokalt</string>
                </property-set>
                <property-set name="underfasetter">
                    <string name="name">Telemark</string>
                    <string name="rulekey">_parentpath</string>
                    <string name="rulevalue">*lokalt/telemark*</string>
                    <string name="className">lokalt</string>
                </property-set>
                <property-set name="underfasetter">
                    <string name="name">Sogn og Fjordane</string>
                    <string name="rulekey">_parentpath</string>
                    <string name="rulevalue">*lokalt/sogn-og-fjordane*</string>
                    <string name="className">lokalt</string>
                </property-set>
                <property-set name="underfasetter">
                    <string name="name">Vest Agder</string>
                    <string name="rulekey">_parentpath</string>
                    <string name="rulevalue">*lokalt/vest-agder*</string>
                    <string name="className">lokalt</string>
                </property-set>
                <property-set name="underfasetter">
                    <string name="name">Aust-Agder</string>
                    <string name="rulekey">_parentpath</string>
                    <string name="rulevalue">*lokalt/aust-agder*</string>
                    <string name="className">lokalt</string>
                </property-set>
                <property-set name="underfasetter">
                    <string name="name">Østfold</string>
                    <string name="rulekey">_parentpath</string>
                    <string name="rulevalue">*lokalt/ostfold*</string>
                    <string name="className">lokalt</string>
                </property-set>
                <property-set name="underfasetter">
                    <string name="name">Vestfold</string>
                    <string name="rulekey">_parentpath</string>
                    <string name="rulevalue">*lokalt/vestfold*</string>
                    <string name="className">lokalt</string>
                </property-set>
                <property-set name="underfasetter">
                    <string name="name">Oslo</string>
                    <string name="rulekey">_parentpath</string>
                    <string name="rulevalue">*lokalt/oslo*</string>
                    <string name="className">lokalt</string>
                </property-set>
            </property-set>
        </property-set>
        <property-set name="x">
            <property-set name="no-nav-navno">
                <property-set name="menu-item">
                    <boolean name="menuItem">false</boolean>
                    <string isNull="true" name="menuName"/>
                    <boolean name="newWindow">false</boolean>
                </property-set>
            </property-set>
        </property-set>
    </data>
    <indexConfigs>
        <analyzer>document_index_default</analyzer>
        <defaultConfig>
            <decideByType>true</decideByType>
            <enabled>true</enabled>
            <nGram>false</nGram>
            <fulltext>false</fulltext>
            <includeInAllText>false</includeInAllText>
        </defaultConfig>
        <pathIndexConfigs>
            <pathIndexConfig>
                <indexConfig>
                    <decideByType>false</decideByType>
                    <enabled>true</enabled>
                    <nGram>false</nGram>
                    <fulltext>false</fulltext>
                    <includeInAllText>false</includeInAllText>
                </indexConfig>
                <path>data.siteConfig.applicationkey</path>
            </pathIndexConfig>
            <pathIndexConfig>
                <indexConfig>
                    <decideByType>true</decideByType>
                    <enabled>true</enabled>
                    <nGram>false</nGram>
                    <fulltext>false</fulltext>
                    <includeInAllText>false</includeInAllText>
                </indexConfig>
                <path>page.config.*</path>
            </pathIndexConfig>
            <pathIndexConfig>
                <indexConfig>
                    <decideByType>false</decideByType>
                    <enabled>true</enabled>
                    <nGram>false</nGram>
                    <fulltext>false</fulltext>
                    <includeInAllText>false</includeInAllText>
                </indexConfig>
                <path>page.controller</path>
            </pathIndexConfig>
            <pathIndexConfig>
                <indexConfig>
                    <decideByType>false</decideByType>
                    <enabled>true</enabled>
                    <nGram>true</nGram>
                    <fulltext>true</fulltext>
                    <includeInAllText>false</includeInAllText>
                </indexConfig>
                <path>attachment.text</path>
            </pathIndexConfig>
            <pathIndexConfig>
                <indexConfig>
                    <decideByType>true</decideByType>
                    <enabled>true</enabled>
                    <nGram>false</nGram>
                    <fulltext>false</fulltext>
                    <includeInAllText>false</includeInAllText>
                </indexConfig>
                <path>x.*</path>
            </pathIndexConfig>
            <pathIndexConfig>
                <indexConfig>
                    <decideByType>false</decideByType>
                    <enabled>false</enabled>
                    <nGram>false</nGram>
                    <fulltext>false</fulltext>
                    <includeInAllText>false</includeInAllText>
                </indexConfig>
                <path>page.regions</path>
            </pathIndexConfig>
            <pathIndexConfig>
                <indexConfig>
                    <decideByType>false</decideByType>
                    <enabled>true</enabled>
                    <nGram>false</nGram>
                    <fulltext>false</fulltext>
                    <includeInAllText>false</includeInAllText>
                </indexConfig>
                <path>modifier</path>
            </pathIndexConfig>
            <pathIndexConfig>
                <indexConfig>
                    <decideByType>false</decideByType>
                    <enabled>true</enabled>
                    <nGram>false</nGram>
                    <fulltext>false</fulltext>
                    <includeInAllText>false</includeInAllText>
                </indexConfig>
                <path>owner</path>
            </pathIndexConfig>
            <pathIndexConfig>
                <indexConfig>
                    <decideByType>false</decideByType>
                    <enabled>true</enabled>
                    <nGram>false</nGram>
                    <fulltext>false</fulltext>
                    <includeInAllText>false</includeInAllText>
                </indexConfig>
                <path>attachment</path>
            </pathIndexConfig>
            <pathIndexConfig>
                <indexConfig>
                    <decideByType>false</decideByType>
                    <enabled>false</enabled>
                    <nGram>false</nGram>
                    <fulltext>false</fulltext>
                    <includeInAllText>false</includeInAllText>
                </indexConfig>
                <path>page</path>
            </pathIndexConfig>
            <pathIndexConfig>
                <indexConfig>
                    <decideByType>false</decideByType>
                    <enabled>false</enabled>
                    <nGram>false</nGram>
                    <fulltext>false</fulltext>
                    <includeInAllText>false</includeInAllText>
                </indexConfig>
                <path>site</path>
            </pathIndexConfig>
            <pathIndexConfig>
                <indexConfig>
                    <decideByType>false</decideByType>
                    <enabled>true</enabled>
                    <nGram>false</nGram>
                    <fulltext>false</fulltext>
                    <includeInAllText>false</includeInAllText>
                </indexConfig>
                <path>type</path>
            </pathIndexConfig>
            <pathIndexConfig>
                <indexConfig>
                    <decideByType>true</decideByType>
                    <enabled>true</enabled>
                    <nGram>false</nGram>
                    <fulltext>false</fulltext>
                    <includeInAllText>false</includeInAllText>
                </indexConfig>
                <path>data</path>
            </pathIndexConfig>
            <pathIndexConfig>
                <indexConfig>
                    <decideByType>false</decideByType>
                    <enabled>true</enabled>
                    <nGram>false</nGram>
                    <fulltext>false</fulltext>
                    <includeInAllText>false</includeInAllText>
                </indexConfig>
                <path>creator</path>
            </pathIndexConfig>
            <pathIndexConfig>
                <indexConfig>
                    <decideByType>false</decideByType>
                    <enabled>true</enabled>
                    <nGram>false</nGram>
                    <fulltext>false</fulltext>
                    <includeInAllText>false</includeInAllText>
                </indexConfig>
                <path>createdTime</path>
            </pathIndexConfig>
            <pathIndexConfig>
                <indexConfig>
                    <decideByType>false</decideByType>
                    <enabled>true</enabled>
                    <nGram>false</nGram>
                    <fulltext>false</fulltext>
                    <includeInAllText>false</includeInAllText>
                </indexConfig>
                <path>modifiedTime</path>
            </pathIndexConfig>
        </pathIndexConfigs>
    </indexConfigs>
</node>
